{
    "map": 0.5344746328669663,
    "map50": 0.6001350755259378,
    "map75": 0.5440524519081424,
    "maps": [
        0.8923259330143541,
        0.8949999999999999,
        0.9812192193792942,
        0.8567460317460318,
        0.0,
        0.9910747368421052,
        0.9333530177524535,
        0.9949999999999999,
        0.9611764309764309,
        0.0,
        0.9949999999999999,
        0.9877463636363636,
        0.2271668231558149,
        0.0,
        0.20992009993094723,
        0.010656343877788462,
        0.6587118924656707,
        0.3254464988281399
    ],
    "Precision": 0.562756287225867,
    "Recall": 0.637383743144974
}